time_tick,gyr_X_value,gyr_Y_value,gyr_Z_value
0.006473,-0.056132,-0.005838,0.030085
0.036507,-0.101982,-0.035789,-0.011882
0.076552,-0.042345,-0.029138,0.003516
0.106585,0.027598,-0.026401,-0.031972
0.136619,0.132099,-0.034564,-0.003173
0.176664,0.053257,0.008743,0.017566
0.206698,-0.001237,0.037386,0.008475
0.236731,0.018888,0.043954,0.001963
0.276776,0.031757,0.035421,0.009269
0.306810,0.026604,0.016097,0.015662
0.336843,-0.023509,0.024438,0.006538
0.366877,-0.055592,0.032923,-0.010140
0.406922,-0.044937,0.017005,-0.021867
0.436952,-0.023447,-0.002217,-0.008279
0.466985,-0.001060,0.005311,0.005300
0.507030,-0.000083,0.018161,0.004233
0.537064,0.020175,0.013974,0.007246
0.567097,0.006445,0.004238,0.012649
0.607142,0.015038,-0.003236,0.017872
0.637176,-0.007450,0.004219,0.003235
0.667210,-0.039489,0.010539,-0.009210
0.707255,-0.034108,0.005193,-0.005019
0.737288,-0.035211,0.012670,-0.003952
0.767322,-0.006479,0.019202,0.003226
0.807367,-0.027069,0.080069,0.003388
0.837400,-0.132677,0.169134,0.040215
0.867434,-0.144731,0.285357,0.093226
0.907479,-0.413297,0.641861,0.338792
0.937513,-0.447756,0.612680,0.708451
0.967546,1.198094,0.373505,0.525933
1.007591,1.594782,0.532934,0.350228
1.037625,0.923206,0.862787,0.746141
1.067659,0.913316,0.907697,0.740926
1.107703,1.424319,0.719219,0.174831
1.137737,0.142806,1.054325,0.214717
1.167771,-0.162741,1.202622,0.007594
1.207816,0.043393,1.028518,-0.028976
1.237849,0.202260,0.875983,0.039613
1.267883,0.521455,0.711808,0.055057
1.307928,0.327287,0.539005,-0.026992
1.337961,0.046835,0.544601,0.032408
1.367995,-0.133213,0.557691,0.005273
1.408040,-0.681445,0.643227,-0.126872
1.438074,-0.856797,0.558066,-0.178383
1.468107,-0.664631,0.575541,-0.064558
1.508152,0.218368,0.525084,0.053261
1.538186,0.718033,0.694974,0.009030
1.568219,1.109867,0.525613,0.063053
1.608264,1.556294,-0.163792,0.007649
1.638298,1.803595,-1.197509,-0.078953
1.668332,1.707803,-2.429315,-0.269694
1.708376,2.921500,-6.252248,-1.395839
1.738410,-2.612656,-6.780480,-2.537940
1.768444,-5.217886,-6.456807,-1.805839
1.808489,-4.631925,-6.857721,-0.972262
1.838522,-4.273123,-6.378377,-1.716040
1.868556,-5.156499,-5.038073,-0.894062
1.908601,-6.966731,-2.379830,-0.009686
1.938634,-5.248425,-1.180952,0.191342
1.968668,-2.116221,-0.399872,0.347195
2.008713,1.350082,-0.051777,-0.477568
2.038747,4.550347,1.361317,-0.218569
2.068780,6.073277,2.644579,-0.347258
2.108825,5.616931,4.330396,-0.366971
2.138859,5.010757,5.553260,0.136331
2.168892,3.694214,5.525553,0.168048
2.208937,3.378897,5.906414,-0.467660
2.238971,3.368964,6.351751,0.180138
2.269004,1.616504,5.281940,1.595553
2.309049,-2.545097,4.531060,0.298524
2.339083,-3.146888,2.648908,0.339425
2.369117,-1.993602,0.343795,-0.621201
2.399150,-2.956591,-0.111444,-1.217810
2.439195,-0.766336,0.050182,-0.319850
2.469229,-1.216316,0.922902,-0.153295
2.509274,-0.053925,1.832150,-0.147835
2.539307,-0.048635,2.383731,-0.420972
2.569341,0.918421,1.885256,-0.091066
2.609386,0.455833,0.871696,0.092619
2.639419,0.251396,-1.219333,0.181150
2.669453,1.481418,-3.255565,-0.064626
2.709498,1.354408,-3.508410,0.409508
2.739531,2.135725,-4.238430,1.352670
2.769565,2.854699,-5.376508,1.082366
2.809610,0.734304,-4.904177,0.849548
2.839644,-1.062375,-4.082272,1.126385
2.869677,-1.100053,-2.806070,1.285383
2.909722,0.936430,-1.416885,0.912317
2.939756,1.384428,-0.082605,0.753077
2.969789,0.081703,0.973635,1.290544
3.009834,1.536165,-1.257011,1.021812
3.039868,0.091431,-0.206955,-0.191234
3.069901,0.179613,-0.021670,-0.497827
3.109946,-1.660478,0.420826,0.381605
3.139980,-0.017707,0.168953,-0.706878
3.170013,0.133610,0.318520,-0.536637
3.210058,-0.665090,0.064109,-0.584203
3.240092,-1.365568,-0.655520,-1.449618
3.270126,-1.351966,-1.881408,-1.811639
3.300159,-1.555437,-1.361630,-1.088206
3.340204,-1.218049,-1.204593,-0.923690
3.370238,-0.856351,-0.679407,-0.758328
3.400271,0.287312,-0.243262,-0.202327
3.440320,0.565720,0.415232,-0.570797
3.470354,-1.033022,-0.856160,-1.231067
3.500387,-3.163262,0.740758,0.254979
3.540432,-1.088553,-0.185316,-0.059007
3.570466,3.078413,-0.086692,-0.397216
3.600499,1.862692,-0.423005,-0.369466
3.640544,-0.595613,0.397551,0.062964
3.670578,-0.383930,0.330458,-0.149350
3.700612,0.598388,0.154644,-0.087357
3.740656,-0.129062,0.680798,-0.355681
3.770690,-0.827425,0.929508,-0.362799
3.800724,-0.778747,0.848975,-0.622493
3.840768,-0.828956,0.663589,-0.969236
3.870802,-1.244146,0.702965,-1.132080
3.900836,-1.496752,0.712514,-1.345971
3.940880,-2.228996,0.596840,-1.805794
3.970914,-3.615837,0.818594,-1.868782
4.000948,-4.196987,0.836238,-1.597410
4.040990,-3.284699,0.510918,-1.642806
4.071023,-2.082365,0.310146,-1.325383
4.111068,-0.157052,0.194059,-1.442409
4.141102,-0.946331,0.386601,-1.266751
4.171135,-1.472434,0.539621,-1.217032
4.211180,-1.878566,0.602755,-1.584221
4.241214,-2.190634,0.770436,-1.642058
4.271247,-2.314152,0.811370,-1.623078
4.311292,-2.156768,0.757377,-1.223203
4.341326,-1.227922,0.555208,-0.921582
4.371359,-0.748473,0.093511,-0.920108
4.411404,-1.432278,-0.088805,-1.813202
4.441434,-3.615023,-0.042069,-1.606263
4.471467,-5.097917,-0.331364,-1.105387
4.511512,-4.440409,-0.662923,-1.233413
4.541550,-4.394304,-0.022075,-1.371406
4.571584,-3.413039,0.202962,-1.255446
4.601617,-1.793608,0.948874,-1.600795
4.641662,-1.065619,1.686137,-1.499766
4.671696,-1.241186,1.747087,-1.300442
4.701729,-1.431170,1.819106,-1.175091
4.741774,-2.370392,1.784582,-0.738912
4.771808,-2.443698,1.825749,-0.537231
4.801841,-1.851639,1.784812,-0.486936
4.841886,-0.481807,1.728807,-0.426995
4.871920,0.460357,1.109551,0.038592
4.901954,0.686499,0.640501,0.318338
4.941998,-0.274043,0.854456,0.513360
4.972032,0.176432,0.402728,-0.271326
5.002066,-1.041602,-0.094739,0.042219
5.042110,-2.003892,0.270604,-0.029470
5.072144,-0.296975,0.365510,0.146303
5.102178,-0.030672,0.296414,0.136765
5.142222,0.217388,0.547352,0.085020
5.172256,0.816975,0.575553,0.208281
5.202290,1.003853,0.568351,0.152806
5.232323,1.463899,-0.364327,0.003107
5.272368,0.816408,-3.224511,-0.666821
5.302402,1.260794,-4.867274,-1.404829
5.332435,-1.948239,-5.865346,-1.483851
5.372480,-4.444256,-5.875045,-1.250056
5.402514,-3.340035,-6.164015,-0.591039
5.432547,-1.852668,-5.590442,-1.567186
5.472592,-3.902624,-4.743956,-2.041902
5.502626,-6.323659,-3.500495,-0.925006
5.532659,-6.921183,-2.350061,-0.466223
5.572704,-4.531309,-2.024668,0.069215
5.602738,-0.524601,-0.707754,-0.196858
5.632772,2.928767,0.451103,-0.477540
5.672816,4.120681,1.991300,-0.404611
5.702850,4.939631,3.393974,-0.394308
5.732884,5.475108,5.077386,-0.359521
5.772928,4.218568,5.837201,0.585075
5.802962,3.964459,7.102263,2.030705
5.832996,3.009188,8.440918,2.003364
5.873040,12.082742,5.872651,0.584513
5.903074,10.269289,-3.743852,1.037699
5.933108,-4.013600,-0.770782,0.526467
5.973152,-9.926590,-2.359172,0.093406
6.003186,-0.105305,-6.439626,1.720006
6.033220,3.322322,-6.004382,2.891690
6.073264,5.863068,-6.339064,1.448861
6.103298,2.329357,-5.341151,0.073685
6.133332,-0.820481,-4.016081,0.486229
6.173376,-0.546457,-2.114794,1.051241
6.203410,1.040022,-1.834566,0.903041
6.233444,4.597486,-4.966435,0.129582
6.273489,-4.517828,-3.916238,-1.660224
6.303522,-7.390971,-2.788203,0.263625
6.333556,-4.602449,-2.392462,0.672033
6.373601,1.361037,-0.687728,-0.389777
6.403634,2.979049,0.860363,-0.528767
6.433668,3.050422,1.869748,-0.376980
6.473713,1.189981,2.685306,0.358655
6.503746,-1.133497,3.022670,0.323275
6.533780,-0.421412,3.316994,-0.113213
6.573825,1.675366,3.684175,-0.379813
6.603858,1.728002,3.420712,0.066423
6.633892,1.492777,3.466517,0.239767
6.673937,0.518483,3.716363,0.325881
6.703970,0.043630,3.612283,0.477867
6.734004,-0.015242,3.596610,0.715421
6.774049,0.332837,3.945195,1.057653
6.804082,1.563920,4.425755,1.073168
6.834116,3.385796,4.110340,0.743184
6.874161,2.323243,2.422087,0.327363
6.904194,0.653044,-0.226682,0.390621
6.934228,-2.751838,-0.784562,0.230591
6.974273,-6.102634,0.055509,-0.533230
7.004306,-2.112629,0.033108,-1.184359
7.034340,1.714721,0.021072,0.009546
7.074385,2.465592,0.624833,-0.082230
7.104418,1.562216,1.187146,0.230857
7.134452,0.326483,1.853877,-0.036577
7.174497,-0.157117,2.725465,-0.418003
7.204530,1.319113,2.637949,-0.534608
7.234564,2.036219,2.074242,-0.257732
7.274608,1.486098,0.488871,0.285480
7.304642,1.263636,-1.286235,-0.399551
7.334676,1.028425,-2.480580,-0.718302
7.374720,-1.943739,-1.689655,-0.624675
7.404754,-2.286991,-2.362852,0.344428
7.434787,2.875790,-3.308825,1.677973
7.474831,4.261909,-2.938769,1.708127
7.504865,3.017465,-2.312641,1.072442
7.534899,2.788270,-2.792929,1.031966
7.574943,2.533555,-2.140662,0.329080
7.604977,1.365296,-1.983216,0.129928
7.635011,0.296269,-1.632747,0.297235
7.675055,0.144586,-1.183067,0.455071
7.705089,0.737346,-0.779045,0.696909
7.735123,1.594184,-0.026301,0.830774
7.775167,0.636442,0.237579,0.559016
7.805201,-0.543792,0.022288,0.597059
7.835235,5.427236,-1.735667,-0.338689
7.875279,-4.637556,-0.236884,0.309175
7.905313,-4.030631,0.863900,1.217657
7.935346,0.323015,0.054984,-0.307410
7.975391,0.603421,0.292184,-0.005907
8.005425,0.217444,0.591996,0.132645
8.045465,-0.889495,0.430544,0.355318
8.075499,-0.507313,0.423709,0.239008
8.105533,0.389686,0.393105,0.095290
8.145577,0.469060,0.436452,0.075600
8.175611,-0.211415,0.549373,0.071521
8.205645,-0.578593,0.508309,0.161253
8.245689,-0.298740,0.524361,-0.116173
8.275723,-0.240816,0.594197,-0.289160
8.305757,-0.333029,0.644338,-0.348753
8.345801,-0.241891,0.747136,-0.458503
8.375835,-0.054459,0.504591,-0.340394
8.405869,0.940814,-0.190005,-0.104901
8.445913,1.443362,-1.328257,0.163138
8.475947,0.848189,-1.668825,0.392304
8.505980,0.129601,-1.633654,0.648901
8.536015,0.556511,-1.597726,0.577741
8.576060,0.357982,-1.321565,0.727494
8.606094,0.823779,-1.007585,0.532176
8.636127,0.817755,-0.508246,0.571360
8.676172,0.508639,0.144293,0.302854
8.706206,-0.380132,0.374940,0.280328
8.736239,-0.100408,-0.288886,0.443230
8.776284,0.025503,-0.096230,0.366007
8.806318,-0.223119,-0.271137,0.405051
8.836351,0.551457,-0.230556,-0.295467
8.876396,1.336395,-0.126020,-0.067854
8.906430,0.162889,-0.249584,-0.506149
8.936463,-0.757322,-0.197218,-0.619437
8.976508,-0.347227,0.004586,-0.362366
9.006542,0.284468,0.097408,-0.457396
9.036575,0.242538,0.296547,-0.343821
9.076620,-0.205190,0.627991,-0.184666
9.106654,-0.212647,0.805516,-0.180381
9.136687,-0.474705,0.976649,-0.233327
9.176732,-0.516474,1.023485,-0.231936
9.206766,-0.528773,1.070754,-0.275235
9.236799,-0.501803,1.072558,-0.371765
9.276844,-0.538002,1.095798,-0.355600
9.306878,-0.590712,1.154541,-0.386933
9.336911,-0.626135,1.201444,-0.390885
9.376956,-0.957077,1.264506,-0.502544
9.406990,-1.354458,1.387215,-0.630608
9.437023,-1.413796,1.346110,-0.785715
9.477068,-1.743602,1.113740,-0.694156
9.507102,-2.396007,0.902351,-0.471946
9.537135,-1.891491,0.733374,-0.732113
9.577180,-0.842404,0.409018,-0.989225
9.607214,-0.595113,-0.276111,-1.222962
9.637247,-1.463373,-1.249277,-1.360958
9.677292,-3.783206,0.063042,-0.921194
9.707326,-3.880927,-0.793802,-0.143503
9.737359,-2.872941,-1.154600,-0.074298
9.777404,-2.247136,-0.968742,-0.168227
9.807438,-2.665663,-0.092116,0.088040
9.837471,-2.463985,0.701806,0.427190
9.877516,-0.670405,0.679265,0.114352
9.907550,-1.004705,1.392022,-0.051290
9.937583,-1.281781,0.975769,0.418763
9.977628,2.405507,0.391438,0.244250
10.007662,2.725409,-0.813101,-0.715047
10.037695,-1.898757,0.147639,-1.530058
10.077740,-1.568306,-0.455449,-0.753694
10.107774,-2.281115,-0.887191,-0.238871
10.137807,-1.910567,-1.485339,-0.415388
10.167841,-1.773803,-1.799314,-0.911799
10.207885,-1.621922,-1.660540,-1.429521
10.237919,-1.243390,-1.245915,-1.540532
10.277964,-3.525149,-0.190083,-1.815480
10.307997,-5.616692,0.652448,-1.852744
10.338031,-5.891376,0.825999,-2.490883
10.378076,-4.416513,0.268226,-2.157633
10.408109,-3.575765,0.165728,-1.436185
10.438144,-2.662787,-0.189354,-1.864725
10.468177,-1.313696,-0.103933,-2.209992
10.508222,-0.423039,0.276425,-1.679480
10.538256,-0.846480,0.159552,-1.488745
10.568289,-0.969095,-0.017362,-1.534323
10.608334,-1.455422,-0.040059,-1.581229
10.638368,-2.326859,0.006617,-1.418665
10.668401,-2.774970,0.037547,-1.277484
10.708446,-2.425786,0.261604,-1.040036
10.738480,-1.623967,0.643932,-0.737427
10.768513,-0.859794,0.458629,-0.542444
10.808558,-2.983624,1.336714,-0.297916
10.838592,-2.874237,1.641939,0.099151
10.868625,-2.129223,1.671341,0.331320
10.908670,0.968636,1.185905,0.077911
10.938704,0.806493,1.379077,0.185040
10.968737,0.069070,1.588863,0.034295
11.008782,-0.940712,1.795367,0.178908
11.038815,-1.105960,1.939354,0.102962
11.068849,-0.852710,1.955415,-0.023959
11.108894,-0.255266,1.829178,-0.191733
11.138927,-0.283405,1.903780,-0.346038
11.168961,-0.332908,1.756388,-0.254612
11.209006,-0.396816,1.738022,-0.282675
11.239039,-0.327203,1.604986,-0.334030
11.269073,0.003419,0.985057,-0.307012
11.309118,0.257602,-0.265834,-0.211614
11.339151,0.485420,-1.438471,-0.165752
11.369185,0.276929,-2.336817,-0.051847
11.409230,-0.935423,-2.981263,0.334689
11.439263,-1.033256,-2.458440,0.651908
11.469297,-0.630409,-2.305941,0.741812
11.509341,-0.476907,-2.482168,0.479166
11.539375,0.393919,-2.175191,0.391736
11.569409,1.819356,-1.825397,0.094530
11.609453,2.089065,-1.491958,-0.134145
11.639487,1.324291,-1.360116,-0.158718
11.669521,0.624821,-0.857204,-0.098102
11.709565,0.273328,-0.851128,-0.005323
11.739599,0.373953,-0.635410,-0.027308
11.769632,1.428513,-0.425699,0.211899
11.809677,-1.246238,0.824630,0.498924
11.839711,-0.573656,1.670978,0.380245
11.869744,0.521855,1.153538,-0.102670
11.909789,0.069249,0.973962,-0.182648
11.939823,-0.370288,1.203428,-0.311438
11.969856,-0.629132,1.439615,-0.151674
12.009901,-0.320112,1.502701,0.131614
12.039933,0.227106,1.210830,0.239435
12.069967,1.155031,-0.011338,0.262755
12.110011,3.746447,-3.747735,-0.310305
12.140045,-0.958653,-5.017095,-2.511061
12.170079,-5.889965,-5.264537,-2.840921
12.210123,-4.648573,-6.121122,-1.782899
12.240157,-4.526784,-5.898771,-2.877213
12.270190,-5.823011,-5.253810,-2.081527
12.310235,-6.801252,-3.382878,-0.815346
12.340269,-5.725917,-2.015632,-0.378443
12.370302,-3.091910,-1.778754,0.153985
12.410347,1.370751,-0.916282,-0.269186
12.440384,3.838463,0.793204,-0.148275
12.470417,4.505034,2.019994,-0.027727
12.510462,5.217766,3.466792,0.196164
12.541751,5.314671,4.913507,0.584806
12.571785,4.311233,5.763557,0.991820
12.601818,3.268682,4.523573,0.944139
12.641863,1.350861,3.577666,1.187107
12.671897,0.037963,2.411123,1.486627
12.701930,-0.974355,1.719693,1.686342
12.741975,-0.324672,1.178169,1.773245
12.772009,1.274202,1.613370,2.013371
12.802042,0.794712,3.692588,1.317507
12.842087,3.549925,0.401818,-1.139781
12.872120,-4.864000,0.951160,0.017754
12.902154,-4.262733,1.480539,-0.995745
12.942199,-4.474732,2.804040,-1.382545
12.972232,0.353146,4.142779,-1.333444
13.002266,0.809411,3.012445,0.230447
13.042311,3.622432,-2.468513,-0.021490
13.072344,1.182273,-5.053608,-2.149304
13.102378,-1.335809,-5.867123,-0.465285
13.132411,1.096878,-6.753355,1.611959
13.172456,3.719971,-6.482394,1.983596
13.202490,3.077978,-3.945031,1.275251
13.232523,3.081893,-1.854592,0.047372
13.272568,6.999205,-8.935933,-2.217941
13.302602,-4.325637,-7.098897,-1.500728
13.332635,-6.563380,-6.790052,-1.167412
13.372680,-0.098167,-4.151131,0.824428
13.402714,4.580253,-3.160114,1.095949
13.432744,5.370666,-1.798337,0.944548
13.472789,1.789061,0.131915,0.849314
13.502823,0.205568,0.455841,1.049321
13.532856,0.033601,0.389685,1.042235
13.572901,-0.982794,1.436832,1.748870
13.602934,-1.598021,2.577596,1.494434
13.632968,-0.584426,2.709434,1.131743
13.673013,-1.651014,3.521939,1.146598
13.703046,-1.539769,3.723272,1.564823
13.733080,-1.981827,4.277757,1.820236
13.773125,-3.536522,5.226722,1.827352
13.803158,-3.119695,6.341762,1.275706
13.833192,-1.358898,7.284956,0.633921
13.873237,-0.126743,-6.043246,0.379165
13.903270,-3.067063,-2.686280,-1.356505
13.933304,-3.607105,1.203094,1.236473
13.973348,-6.188485,0.761618,0.442209
14.003382,2.404665,-0.304632,-1.404696
14.033416,3.003482,0.452209,-0.592446
14.073460,1.645480,0.272196,0.522353
14.103494,-1.368945,0.302114,0.285078
14.133527,-2.462246,0.108206,0.755309
14.173572,0.539137,-0.098034,0.948245
14.203606,2.880477,0.048023,0.318783
14.233639,2.188006,-0.163706,-0.319165
14.273684,-1.744365,-0.180050,-0.282368
14.303718,-2.948247,0.001939,0.377126
14.333751,-1.516008,0.077167,0.199479
14.373796,0.859221,0.211210,-0.006894
14.403830,0.817310,0.635147,0.612584
14.433870,0.560443,1.004632,1.021049
14.473915,0.276187,1.559658,1.329176
14.503948,0.941232,1.918985,1.068756
14.533982,0.966731,2.157212,0.972225
14.574027,0.578586,2.154847,0.836685
14.604060,0.245011,1.901234,0.371557
14.634094,0.258425,1.545342,0.148145
14.674139,2.129963,0.867301,0.207273
14.704172,2.658947,0.099962,0.023145
14.734206,2.507580,-0.522787,-0.270905
14.774250,2.070762,-1.257438,-0.716130
14.804284,2.068420,-1.562658,-1.017740
14.834318,0.809163,-1.421169,-1.313535
14.874362,0.436150,-1.000885,-1.798490
14.904396,0.878881,-0.831890,-1.922703
14.934429,0.964835,-0.566577,-2.020778
14.974474,1.202115,-0.108078,-1.908395
15.004508,0.991033,0.551821,-1.539472
15.034541,0.225712,1.927900,-0.688806
15.074586,-0.881769,2.684447,0.575291
15.104620,0.706415,1.476024,0.866388
15.134653,0.987685,1.313745,1.239875
15.174698,2.277785,0.053783,0.237881
15.204731,-1.430488,1.617772,1.323796
15.234765,-1.912747,2.781313,0.785701
15.274810,2.553950,2.349259,0.547782
15.304843,4.874860,1.546778,0.714447
15.334877,4.439566,0.364344,0.544416
15.374922,4.109988,-0.981694,-0.775876
15.404955,2.761168,-1.130861,-1.207473
15.434981,-0.545223,-0.921209,-1.355629
15.475025,-0.262990,-2.276420,-1.145085
15.505059,1.542132,-2.526660,-0.772160
15.535093,2.081905,-1.940077,-0.339395
15.575137,2.897674,-1.405907,-0.188256
15.605171,4.863167,-0.808922,-0.010345
15.635204,5.477494,-0.310332,0.357265
15.675249,4.423574,0.429344,0.748812
15.705283,4.157569,0.529043,0.828202
15.735316,4.494806,0.761760,1.038226
15.775361,5.747966,0.883445,1.153072
15.805395,5.754798,0.796611,0.836560
15.835428,3.952264,-0.050936,0.313376
15.875473,0.949882,-1.223116,0.726980
15.905506,-1.938484,-0.442171,0.777600
15.935540,0.365610,-0.678602,-0.497168
15.965573,1.988977,-0.280720,0.624411
16.005618,2.996318,-0.066799,0.656549
16.038150,2.213036,-0.039119,0.327310
16.078195,-0.496888,0.113529,0.236823
16.108229,-1.027173,0.054711,0.108775
16.138262,-1.544364,-0.125478,0.071650
16.178307,-1.720666,-0.615095,-0.322755
16.208340,-1.453796,-0.933673,-0.473053
16.238374,-0.956463,-1.145332,-0.581809
16.278419,-0.550364,-1.026295,-0.968209
16.308452,-0.181677,-0.642200,-0.993408
16.338486,-0.040933,-0.208636,-0.561672
16.378531,-1.515276,0.316768,-0.849413
16.408564,-2.077748,0.389812,-1.051298
16.438599,-1.411408,0.370094,-0.552838
16.478643,-0.150933,0.328063,-0.602095
16.508677,-0.839104,0.263894,-0.343621
16.538713,-2.107946,0.431465,-0.010652
16.568747,-2.771295,0.411669,0.186234
16.608792,-2.633685,0.202899,0.511129
16.638825,-0.638487,0.751020,0.482416
16.668859,0.270466,0.024060,-0.547244
16.708903,-0.095203,0.291313,1.094075
16.738937,0.972657,0.273252,0.448364
16.768971,-0.667918,0.544122,0.349304
16.809015,-1.156333,0.651970,0.120364
16.839049,-0.416176,0.837075,0.253075
16.869082,-0.311983,0.914303,0.313623
16.909127,-0.574697,0.804163,0.069127
16.939161,0.043422,0.637349,0.083234
16.969194,0.452991,0.433269,0.056678
17.009239,0.411555,-0.006319,-0.174758
17.039273,0.305055,-0.212931,-0.072288
17.069306,0.764843,-0.793176,0.054241
17.109351,2.921079,-4.862632,-0.677251
17.139385,4.620929,-5.607469,-2.103797
17.169418,-4.549397,-7.126503,-2.792298
17.199452,-4.934089,-7.121997,-1.062967
17.239497,-4.705813,-6.812238,-1.305068
17.269530,-4.654944,-6.054901,-1.418762
17.309575,-5.989356,-3.626798,-0.086251
17.339608,-4.740119,-2.143206,0.374655
17.369642,-3.474764,-2.462890,0.775192
17.409687,-0.656230,-0.961999,0.679506
17.439720,1.723642,0.222171,0.550307
17.469754,2.420576,1.340716,0.201746
17.509799,3.509680,3.375309,0.160108
17.539832,4.855164,4.904008,-0.025384
17.569866,4.879868,5.931111,0.161704
17.609911,3.478862,7.460839,1.212201
17.639944,3.119921,9.288774,2.011960
17.669978,3.857627,6.699559,1.304460
17.700011,13.884350,3.385407,1.657179
17.740056,9.939932,-0.135145,1.416948
17.770090,-6.777259,-1.983576,-2.372514
17.800123,-10.972114,-3.696447,-1.375677
17.840168,-4.038337,-6.834911,-0.495446
17.870201,0.519219,-6.754586,0.239609
17.910246,5.582298,-6.990390,-2.004532
17.940280,-2.951527,-6.050118,-3.492055
17.970313,-8.243044,-5.152531,-1.380534
18.000347,-6.583168,-4.549523,-0.179878
18.040392,-3.062971,-3.595840,0.089281
18.070425,-1.028529,-2.734712,0.170312
18.110470,-0.754175,-1.109307,0.537414
18.140504,1.013438,1.001770,0.842784
18.170537,1.887196,1.613939,0.534109
18.200571,2.766511,2.937221,0.283566
18.240615,3.416379,3.836641,0.917588
18.270649,2.630589,3.885439,1.159905
18.300683,2.401810,4.580501,1.008235
18.340727,0.715540,4.718072,0.797357
18.370761,-0.283991,5.078486,1.327138
18.400794,-1.656849,5.134334,1.290507
18.440839,-0.741190,6.763199,1.488419
18.470873,-0.297318,3.656286,2.260825
18.500906,8.954943,2.546320,-1.658413
18.540951,-4.643486,3.086092,0.288948
18.570985,-5.490006,1.150341,1.183824
18.601018,0.346762,0.504044,-0.770143
18.641063,5.372514,-1.734017,-1.011392
18.671097,0.244719,-4.476133,-2.601167
18.701130,-5.622602,-5.639603,-3.729983
18.741175,-4.512105,-7.296498,-1.720430
18.771208,-0.499774,-7.861782,-2.096527
18.801242,-2.421268,-6.930316,-2.532057
18.841287,-4.552216,-4.806656,-1.286289
18.871320,-4.210068,-3.429191,-0.724972
18.901354,-4.610193,-1.818521,0.228597
18.941399,-3.472640,-1.940371,0.176095
18.971432,-1.302960,-0.596306,1.009598
19.001466,2.094530,-0.042439,0.415048
19.041510,6.054927,1.547745,-0.144902
19.071544,5.483904,2.408971,0.043791
19.101578,3.468638,3.222978,0.543585
19.141622,2.776554,3.995488,1.138620
19.171656,2.500729,4.024053,1.119661
19.201689,2.448805,4.261367,0.751742
19.241734,1.417401,4.203095,0.611832
19.271768,0.261861,4.188708,0.708938
19.301801,-0.763664,4.103675,0.928838
19.341846,-1.014492,4.190296,0.885332
19.371880,5.600506,2.090626,-1.511916
19.401913,-2.526679,1.183769,0.105914
19.441957,-7.522194,2.039613,0.550203
19.471991,-2.219755,1.568208,-0.383428
19.502024,2.286397,0.875732,-0.687270
19.542069,1.097224,1.063572,0.254698
19.572102,0.348764,1.336717,0.406740
19.602136,-1.199258,1.701911,-0.518618
19.642181,-3.590673,2.904068,-0.676271
19.672214,-0.990953,3.406738,-1.308880
19.702248,2.052113,3.037711,-0.170060
19.742293,1.564448,2.336172,0.051912
19.772326,-0.123069,0.955075,0.287765
19.802360,-0.124398,-0.849430,-0.290021
19.842404,0.253099,-1.303460,-0.409447
19.872438,0.676960,-2.202746,0.075125
19.902472,1.347592,-2.658748,0.191490
19.942516,2.411970,-3.193469,0.411604
19.972550,1.876271,-3.389207,0.451891
20.002583,0.765986,-3.266873,0.449138
20.043877,0.583781,-1.916029,0.695021
20.073910,2.145724,-0.824416,0.802051
20.103944,3.481487,-0.307921,0.455811
20.143989,-0.171820,0.155195,0.362283
20.174022,0.031075,0.506039,0.026186
20.204056,0.835141,-0.177831,0.613540
20.244100,1.313119,0.071996,-0.632863
20.274134,-3.871144,0.097666,-0.536292
20.304168,-4.582998,1.248024,1.064362
20.344212,0.915903,1.162441,-0.333383
20.374246,1.733998,1.725768,0.479236
20.404279,2.988381,0.979615,0.453347
20.444324,1.404778,-0.394976,-0.111783
20.474358,-0.490364,-1.415354,-0.797209
20.504391,-0.389482,-2.505235,-0.575699
20.534429,1.008548,-3.261798,1.064241
20.574474,4.959608,-4.555031,0.709839
20.604507,3.433706,-3.488922,0.831026
20.634541,3.295744,-2.342245,1.440654
20.674586,1.214811,-1.022777,1.974818
20.704619,2.282052,0.349095,2.171528
20.734653,8.217766,1.859636,1.528019
20.774698,7.621637,3.002820,1.420547
20.804731,4.853178,2.035719,1.394089
20.834765,1.895223,-0.315195,1.635935
20.874810,-1.949065,-1.840856,1.365167
20.904843,-2.754021,-2.902240,-0.747247
20.934877,-2.442340,-1.581852,0.728774
20.974921,1.125246,0.010992,0.434454
21.004955,1.519713,0.348005,1.313982
21.034989,1.088193,0.265539,1.293100
21.075033,0.673419,0.327822,1.058280
21.105067,0.367618,0.639288,1.111518
21.135101,1.102947,0.711921,0.910877
21.175145,1.133843,0.817100,0.707412
21.205179,0.572880,0.996177,0.663211
21.235213,0.143614,1.077336,0.653945
21.275257,0.402015,1.237993,0.327997
21.305291,-0.064380,1.405970,0.258695
21.335325,-0.599564,1.642432,0.301074
21.375369,-0.968923,1.542439,-0.124614
21.405403,-0.579951,1.150237,-0.373260
21.435440,0.493749,0.549812,-0.247415
21.465474,2.323259,-0.358936,0.592101
21.505519,3.492486,-0.719719,1.507793
21.535552,3.027111,-0.738977,1.265974
21.575597,2.630290,-0.983131,1.033944
21.605631,2.465400,-1.140582,1.358341
21.635664,2.727359,-1.210688,1.335078
21.665698,2.668438,-1.212780,1.274163
21.705743,1.981866,-1.141785,1.121958
21.735776,1.527049,-1.041593,1.126656
21.765810,1.696265,-1.124804,1.063917
21.805855,1.728725,-0.965926,0.827626
21.835888,1.723322,-0.776915,0.528133
21.865922,1.761053,-0.724230,0.342608
21.905967,1.111522,-0.267964,0.201730
21.936000,0.202377,0.155166,0.175124
21.966034,-0.585993,0.534977,0.343356
22.006079,0.556215,-0.402466,0.534289
22.036112,0.592739,1.333610,0.609056
22.066146,-1.043091,1.123118,0.152243
22.106191,-0.932068,1.889856,0.130148
22.136224,0.116529,1.451291,0.005344
22.166258,-0.020913,1.329572,0.018094
22.206303,-0.124836,1.377528,-0.044580
22.236336,-0.684026,1.537913,-0.004122
22.266370,-1.013574,1.544594,0.184796
22.306414,-0.956860,1.440333,0.139894
22.336448,-0.750218,1.292249,0.047224
22.366482,-0.121244,1.170917,-0.019197
22.406526,0.323027,1.191894,0.096842
22.436561,0.018303,1.208750,0.042129
22.466595,-0.514268,1.341444,-0.090144
22.506639,-0.810108,0.757697,0.285870
22.536673,-0.121304,-0.433565,-0.238205
22.566707,1.005205,-1.621522,-0.384763
22.606751,3.887632,-5.150095,-1.445970
22.636785,-1.106728,-6.708293,-2.677017
22.666818,-1.563390,-8.296218,-2.157839
22.706863,-3.225064,-7.526851,-2.092702
22.736897,-4.823720,-7.249409,-2.883234
22.766930,-7.566850,-6.612330,-1.210185
22.806975,-6.381104,-4.231723,-0.360383
22.837009,-5.631057,-1.630370,-0.313602
22.867042,-4.816710,-1.263731,-0.058720
22.907087,-0.926749,-0.092691,-0.719691
22.937121,3.539097,0.803670,-0.203030
22.967154,5.429473,1.974684,-0.367468
23.007199,6.123406,4.128881,-0.376311
23.037233,6.518371,5.060330,0.039605
23.067266,6.058575,5.291523,0.664558
23.107311,3.830378,6.329636,1.945029
23.137345,3.481834,7.076285,1.294751
23.167378,6.041091,5.710453,1.425666
23.207423,2.744417,3.607518,2.279852
23.237457,2.587349,-1.850583,1.583897
23.267490,-2.316847,-0.903059,-1.708701
23.307535,-5.747378,1.969526,-0.053541
23.337568,-0.063268,1.925979,0.423771
23.367602,5.501137,1.745000,0.698836
23.407647,5.891067,0.208194,0.784694
23.437680,3.538893,-2.264614,-0.376453
23.467714,-0.070845,-3.464388,-1.953065
23.507759,-0.876442,-7.111914,-0.837226
23.537792,0.646059,-7.555958,-1.043089
23.567826,0.345086,-7.705523,-2.228195
23.607871,-2.268063,-7.121958,-2.547034
23.637904,-4.380183,-6.249908,-2.003073
23.667938,-5.224475,-5.502474,-1.291452
23.707983,-5.251502,-4.130495,0.016878
23.738016,-4.529386,-2.677097,0.219525
23.768050,-3.570337,-2.310763,0.478540
23.808095,-2.029690,-0.906554,0.708500
23.838128,0.700270,0.536638,0.521446
23.868162,3.097446,1.384407,0.133875
23.908206,4.326017,2.920272,0.424541
23.938240,4.102223,3.933185,0.962892
23.968274,3.094977,4.177364,0.895803
24.008318,2.719275,5.093542,0.315589
24.038352,1.651111,6.229484,1.151759
24.068385,-0.260914,7.138082,2.198972
24.098419,0.041302,10.158409,1.557127
24.138464,15.306707,7.589798,1.004184
24.168497,9.300170,-0.200025,-0.980491
24.208542,-1.718795,2.137008,2.236303
24.238576,-3.841628,2.001013,-0.705968
24.268609,-3.677601,2.969418,0.638954
24.308654,6.250261,0.915834,0.147800
24.338688,6.836046,0.574513,0.857543
24.368721,6.901223,-2.053124,0.234813
24.408766,0.274259,-4.652730,-2.034093
24.438795,-5.524467,-5.812416,-4.603941
24.468828,-5.991964,-7.795305,-0.365439
24.498862,-0.966643,-9.030698,-2.054626
24.538906,-4.428892,-7.214573,-2.979538
24.568940,-7.360634,-5.985064,-1.434132
24.608985,-7.938747,-3.702751,0.978245
24.639018,-4.883748,-1.479316,-0.556678
24.669052,-2.632421,-0.800112,0.256095
24.709097,-0.277237,0.211074,-0.065986
24.739130,3.426679,1.397442,0.221201
24.769164,4.916866,3.152964,-0.365537
24.799197,6.389141,5.157821,-0.099073
24.839242,6.289512,5.882526,0.444648
24.869276,5.271462,6.167625,1.908089
24.899309,3.238307,7.557330,3.250484
24.939354,4.546080,10.092060,0.854247
24.969388,15.876588,3.965528,1.993636
24.999421,10.686191,-0.253545,2.909669
25.039466,0.744086,1.186017,-0.846390
25.069500,-6.638657,1.807693,-0.630629
25.112043,0.457845,0.947650,0.447163
25.142076,3.396540,0.356099,0.612043
25.172110,9.490480,-2.594898,0.521031
25.212155,4.613422,-5.444760,-3.182254
25.242188,-1.959893,-7.084083,-3.925425
25.272222,-6.492180,-6.374432,2.682455
25.312267,-0.089378,-8.187621,-0.747164
25.342300,-3.013310,-6.222546,-1.228693
25.372334,-8.078289,-4.282246,1.499066
25.412379,-8.223403,-1.951605,0.925402
25.442416,-7.484126,-1.638055,1.046471
25.472450,-2.741368,0.461097,0.705666
25.512495,3.988302,0.880925,0.515195
25.542528,6.248006,2.222813,0.379542
25.572563,7.405343,3.221041,0.350110
25.602597,8.350655,4.433501,0.614485
25.642641,6.758247,5.603527,1.356422
25.672675,5.069400,6.025545,2.396579
25.702709,4.509122,6.460186,2.373528
25.742753,6.905920,7.608575,0.225826
25.772787,10.988563,0.482898,2.235126
25.802821,9.816030,0.514149,2.376818
25.842865,-2.394237,-0.395739,0.297561
25.872899,-6.251547,0.299868,0.141093
25.902933,-3.763675,-0.342159,-0.771038
25.942977,-1.365143,0.225617,-0.151009
25.973011,0.630127,0.686862,0.208714
26.003045,2.235581,0.939969,0.315438
26.043089,3.801450,1.091050,0.451061
26.073123,3.694971,0.856609,0.379955
26.103157,2.704227,0.751533,0.232313
26.143201,1.635494,0.177501,0.075794
26.173235,1.764655,-0.844329,-0.312565
26.203268,1.774795,-1.569110,-0.571918
26.243313,2.350991,-2.252373,0.590915
26.273347,2.906439,-3.177712,0.551584
26.303380,2.560643,-3.155199,0.409352
26.343425,2.159159,-2.677386,0.466524
26.373459,1.934129,-2.683578,0.227012
26.403492,1.685127,-2.472482,-0.052538
26.443533,1.868875,-1.938573,-0.074147
26.473567,1.993951,-1.646241,-0.182062
26.503600,1.572565,-1.325223,-0.219979
26.543645,0.419686,-0.754186,0.017843
26.573679,0.176083,-0.523390,0.374347
26.603712,0.326199,-0.277943,0.610214
26.643757,1.430394,-0.195342,0.684977
26.673791,1.064836,-0.322296,0.474115
26.703824,0.370358,-0.168719,0.633139
26.743869,3.365417,-1.406329,0.829353
26.773903,3.725353,-0.581358,0.250658
26.803936,-5.019484,-0.510707,-0.394762
26.843981,-4.483892,-0.248062,1.582258
26.874015,1.401467,0.403026,0.427988
26.904048,2.586225,0.311653,0.156017
26.944093,-0.092652,0.553976,0.476995
26.974127,-1.468142,0.702819,0.450963
27.004160,-1.861524,0.659920,0.291123
27.044205,-0.457439,0.473805,-0.037636
27.074239,-0.513082,0.523943,0.112041
27.104272,-0.618998,0.337527,-0.291409
27.144317,-0.768081,0.409503,0.053761
27.174351,-0.827935,0.465380,-0.392407
27.204384,-0.881375,0.075374,-0.167578
27.244429,-0.685284,0.156082,0.107089
27.274463,-0.400261,-0.039023,0.076238
27.304496,-0.301405,-0.080068,-0.122472
27.344541,-0.264171,-0.355319,-0.214838
27.374574,-0.294942,-0.443873,-0.282324
27.404608,-0.014062,-0.460331,-0.138515
27.444654,0.101261,-0.821724,-0.245261
27.474687,-0.084956,-0.784378,-0.220486
27.504721,-0.378435,-0.761600,-0.183208
27.544766,-0.055621,-0.807864,0.149720
27.574799,0.361060,-0.948836,0.131571
27.604833,0.036222,-0.770579,0.082303
27.634867,-0.290670,-0.592104,0.347397
27.674911,0.237515,-0.392715,0.755931
27.704945,1.018966,-0.268937,0.806817
27.734979,1.030406,0.004674,0.860691
27.775023,0.632803,0.129995,1.006754
27.805057,0.807600,0.290887,0.742862
27.835091,0.684661,0.435313,0.632708
27.875135,0.372213,0.603319,0.520896
27.905169,0.340872,0.664080,0.352858
27.935202,0.551295,0.724838,0.226278
27.975247,0.787784,0.766124,0.158761
28.005281,1.157706,0.804542,0.154737
28.035314,1.039980,0.894964,0.133449
28.075359,0.530860,0.846080,0.150231
28.105393,-0.054054,0.973505,0.133743
28.135426,-0.341188,0.799786,0.294812
28.175471,0.054131,0.703319,0.151941
28.205505,0.075321,0.791826,0.218446
28.235538,0.543722,0.673831,0.162837
28.275583,0.656856,0.745269,0.128059
28.305617,0.527436,0.894145,0.159782
28.335650,0.695853,0.913918,0.226169
28.375695,1.065423,0.905965,0.282479
28.405729,1.167423,0.817240,0.186410
28.435762,1.328736,0.740765,0.064464
28.475807,1.259427,0.661788,-0.029174
28.505840,1.045432,0.645883,-0.068737
28.535874,0.792637,0.528051,-0.270977
28.575919,0.420399,0.329105,-0.436270
28.605952,0.473555,0.019919,-0.563688
28.635986,0.464100,0.022811,-0.695913
28.676031,0.323524,-0.329588,-0.576228
28.706064,0.434487,-0.698215,-0.552756
28.736098,0.685236,-0.339064,-0.276423
28.776143,2.016735,-0.491638,0.147919
28.806176,1.561794,-0.500501,0.493427
28.836210,1.661526,-0.374318,0.416417
28.876255,0.975131,-0.236145,0.652641
28.906288,0.142580,-0.334775,0.466687
28.936322,-0.181593,-0.569367,0.752947
28.976366,-0.235642,-0.138110,0.861315
29.006400,0.257943,0.491942,0.965286
29.036434,-0.591023,1.206139,0.980519
29.076478,-0.025088,0.861869,0.221364
29.106510,2.970588,0.662794,-0.241863
29.136544,-0.323808,0.442184,0.180383
29.176589,-0.557227,0.670858,0.015015
29.206622,0.553846,0.386401,0.289779
29.236656,0.719044,0.421702,-0.089395
29.276701,0.696783,0.592831,0.073768
29.306734,0.634343,0.458433,0.303948
29.336768,-0.155573,-0.345234,-0.192424
29.376813,0.355443,-2.575264,-2.114227
29.406846,-0.000278,-4.549497,-3.776141
29.436880,-7.804043,-4.621959,-4.144384
29.476929,-6.628283,-5.817927,-1.520446
29.506962,-5.541914,-5.995134,-1.487863
29.536996,-4.472350,-5.773988,-2.588712
29.577040,-6.638455,-4.678895,-0.594322
29.607077,-6.887682,-3.571023,-0.564862
29.637110,-5.113272,-2.765351,0.309938
29.667144,-2.110070,-1.819938,0.419188
29.707189,1.560164,-0.358166,-0.219928
29.737222,4.273811,1.223576,-0.334887
29.767256,5.307246,2.589302,-0.565499
29.807301,5.312807,3.485267,-0.646026
29.837334,4.057642,4.627012,-0.228543
29.867368,3.429885,5.047667,0.580849
29.907413,2.507853,5.911031,1.686812
29.937446,3.073765,6.621660,0.039606
29.967480,5.173017,4.818331,0.627223
30.007524,3.693019,3.974070,3.021580
30.037558,9.128906,-4.175692,1.712590
30.067592,-1.553997,-1.868050,0.033711
30.107636,-4.806363,-0.990688,-0.616593
30.137670,2.831673,-5.051749,-0.093348
30.167704,3.245806,-4.814768,0.012338
30.207748,2.261770,-5.918531,-0.216805
30.237782,1.855900,-6.005989,0.078570
30.267816,-1.233231,-5.340385,-0.084051
30.307860,-2.648784,-4.370596,0.670238
30.337894,-0.882948,-3.318488,1.299545
30.367928,1.383383,-2.371736,1.758679
30.407972,2.205610,-1.237120,1.694882
30.438006,1.862402,-1.375374,1.779135
30.468035,3.279974,-3.318550,0.296699
30.508080,0.193957,-2.956166,0.916226
30.538114,-2.746943,-2.188947,-0.166278
30.568147,-2.719219,-1.056189,0.241985
30.608192,1.631918,0.385163,0.053585
30.638226,3.116181,1.347730,1.256689
30.668259,3.444397,2.203367,0.884635
30.708304,1.358853,2.196789,0.797621
30.738338,-0.698759,2.550373,1.676684
30.768371,-2.663571,2.700895,1.197087
30.808416,-1.312908,3.345634,0.358565
30.838450,0.331296,3.642187,0.568700
30.868483,-0.530681,3.757407,1.079398
30.908528,-1.375137,4.412592,0.774962
30.938562,-1.471007,4.337220,1.296466
30.968595,-2.165594,4.013263,1.167630
31.008640,-2.488515,3.188826,1.867744
31.038673,0.327792,-1.891660,2.440255
31.068707,1.928583,1.854478,-0.632591
31.108752,-3.241526,1.196140,0.420694
31.138785,-1.847742,0.653504,0.126961
31.168819,-0.696516,0.666269,-0.587157
31.208864,-1.133990,0.420888,-0.387836
31.238897,-1.778584,1.193837,0.001489
31.268931,-2.231183,1.873927,-0.528352
31.308976,-0.498813,2.124835,0.230388
31.339009,0.873929,2.532295,-0.097092
31.369043,1.625898,2.037565,-0.400502
31.409088,-1.026475,-0.024776,-0.014001
31.439121,-3.081841,-1.095906,-1.294020
31.469154,-1.522141,-2.889789,-1.337120
31.509199,2.924678,-4.878486,-0.177715
31.539232,3.676724,-6.312576,-1.000753
31.569266,1.657664,-6.515775,-1.945594
31.599299,-1.485092,-6.317404,-1.674876
31.639344,-2.965915,-5.627349,-1.071401
31.669378,-3.346041,-4.898660,-1.083209
31.709422,-5.117544,-4.789142,-0.275222
31.739456,-6.659120,-4.336127,-0.506326
31.769490,-5.204646,-2.860977,0.999693
31.809534,0.841594,-1.558344,1.218962
31.839568,2.460130,0.044962,0.444925
31.869601,2.348016,1.538142,0.041440
31.909646,3.276137,3.346250,0.507019
31.939680,3.865367,4.845673,0.762590
31.969713,4.851975,5.841740,1.111316
32.009758,5.043895,6.346006,1.925780
32.039792,5.223564,6.369274,1.779338
32.069825,5.035596,5.790034,1.158534
32.099859,4.881477,4.794862,2.114495
32.139904,5.241403,1.187148,2.303362
32.169937,-0.587563,1.170625,1.898126
32.209982,-5.467510,1.137413,1.042877
32.240015,-3.915113,0.868316,-0.813279
32.270049,-0.825400,1.261934,-0.841228
32.310094,2.433126,0.582092,0.408071
32.340127,2.326193,1.142618,0.674558
32.370161,1.665488,1.327320,0.671375
32.410206,0.957573,1.315259,0.435732
32.440239,0.599676,1.281947,0.490463
32.470273,1.045633,1.160728,0.417041
32.500306,1.316774,0.829244,0.105833
32.540351,1.373591,-0.164241,-0.258662
32.570385,0.995246,-0.827251,-0.645089
32.600418,-0.268003,-0.964362,-0.695290
32.640463,-0.027357,-1.527594,0.659678
32.670497,1.328002,-3.069981,0.066777
32.700530,1.018523,-2.601695,0.189890
32.740575,1.638472,-1.890811,0.485473
32.770609,3.129057,-1.996939,0.275616
32.800642,3.843100,-2.125670,-0.257181
32.840687,2.482145,-1.945874,-0.610376
32.870720,1.198839,-1.509060,-0.584241
32.900754,-0.050588,-1.157968,-0.505452
32.940799,-1.115357,-0.862517,-0.083102
32.970832,-0.819984,-0.832502,0.348474
33.000866,0.110737,-0.894277,0.435218
33.040911,1.187714,-0.679777,0.082599
33.070944,1.505366,0.081767,0.396478
33.110986,1.066354,0.037606,0.403172
33.141020,2.790421,-0.947113,0.094115
33.171053,5.164127,0.908714,1.047674
33.211098,-3.927199,-0.917801,-0.025644
33.241132,-2.778208,0.079763,0.574739
33.271165,-2.232963,0.070210,0.348107
33.311210,0.740473,0.431555,0.244887
33.341244,0.646345,0.285086,0.496489
33.371277,-0.038047,0.533457,0.205608
33.411322,0.143111,0.561246,-0.331395
33.441356,-0.177317,0.665640,0.334783
33.471390,0.088137,0.454830,0.230002
33.511435,-1.130698,0.347690,-0.134901
33.541469,-1.179961,-0.371761,-0.972723
33.571502,-0.836433,-0.599201,-1.791490
33.601539,-1.693771,-1.404798,0.081378
33.641583,-0.922553,-0.971737,-0.597965
33.671617,0.577598,-0.544260,0.120291
33.701651,1.251017,-0.309892,0.184738
33.741695,1.620613,0.177850,0.533141
33.771729,0.442858,0.431823,1.341656
33.801763,0.456219,0.894112,1.685506
33.841807,-0.246390,0.933938,1.190510
33.871841,-0.216978,0.385499,0.801869
33.901875,1.046909,-0.071257,0.871146
33.941919,2.223027,0.410205,1.393016
33.971953,1.889882,0.467121,0.354217
34.001987,0.123329,0.183751,0.153529
34.042031,-1.403215,-0.409601,-0.227936
34.072065,-0.605143,0.270982,0.108558
34.102099,0.893380,0.397361,0.023516
34.142143,0.435821,0.092798,-0.267038
34.172177,-0.235571,0.242995,-0.763348
34.202211,-0.351102,0.162785,-0.167598
34.242256,-0.237653,0.291560,0.045284
34.272289,-0.022288,-0.089694,-0.224198
34.302323,-0.876991,-0.043452,0.200716
34.342368,-0.760058,-0.044250,-0.266976
34.372401,-0.709923,0.020626,0.721165
34.402435,-0.861280,-0.103368,0.567857
34.442480,-0.580366,-0.339496,0.066054
34.472516,-0.742171,-0.495780,-0.240636
34.502550,0.474700,-0.609644,-0.655747
34.542595,1.885104,-0.439640,-1.132751
34.572628,1.431366,-0.539835,-0.544874
34.602662,0.643278,-0.508992,-0.342758
34.642707,-0.362588,-0.558179,-0.018235
34.672740,-0.322467,-0.760795,-0.089459
34.702774,-0.121781,-0.744493,-0.127054
34.742819,0.348808,-0.741224,-0.066262
34.772852,0.478982,-0.671838,-0.100118
34.802886,0.397874,-0.613528,-0.085712
34.842931,0.419696,-0.618137,-0.011799
34.872964,0.460912,-0.585757,-0.021656
34.902998,0.520127,-0.514900,-0.009433
34.943043,0.743620,-0.390341,0.115778
34.973076,0.899066,-0.231984,0.427811
35.003110,1.333852,-0.149271,0.763011
35.043155,1.513320,0.064933,1.061090
35.073188,1.403313,0.225539,1.292694
35.103222,1.400745,0.354658,1.344570
35.143267,1.413186,0.609029,1.220625
35.173300,1.252921,0.763972,1.106535
35.203334,1.171175,0.905829,1.104008
35.243379,1.615983,1.014372,1.070804
35.273412,1.849151,1.051495,0.981087
35.303446,1.759375,1.047113,0.917244
35.343491,1.631008,0.889550,0.847400
35.373524,1.530456,0.684409,0.716942
35.403558,1.486489,0.586579,0.579707
35.443603,1.694030,0.060891,0.128250
35.473636,1.887704,-0.279688,-0.164344
35.503670,1.793607,-0.544298,-0.013284
35.533703,1.801442,-0.967217,0.577261
35.573748,1.435564,-1.263418,0.929479
35.603782,0.942849,-0.999721,0.225344
35.633815,1.258438,-1.218597,0.436623
35.673860,1.981692,-1.116390,0.816081
35.703894,1.891924,-0.872076,0.670729
35.733927,1.980705,-0.663895,0.469970
35.773972,2.135364,-0.304044,0.544917
35.804006,2.036466,0.136548,0.485359
35.834039,1.963868,0.516883,0.330337
35.874084,2.191989,0.736766,0.441747
35.904118,2.717016,0.661575,0.611122
35.934151,2.288716,0.392115,0.732049
35.974196,0.639343,-0.745702,0.403457
36.004230,-1.290575,-0.584499,0.662343
36.034263,-0.523202,0.234450,0.384146
36.074308,0.158089,0.530210,0.563892
36.104342,0.734450,0.740861,0.570907
36.134375,1.150406,0.816520,0.641658
36.174420,1.218189,0.716057,0.509879
36.204454,0.662320,0.746383,0.301592
36.234487,0.189297,0.850838,0.292676
36.274532,-0.095409,1.010556,0.337285
36.304565,0.033126,1.015666,0.316145
36.334599,0.280824,0.924573,0.212559
36.374644,0.566107,0.901480,0.219800
36.404677,0.877480,0.842931,0.275521
36.434711,0.786623,0.854521,0.223328
36.474753,0.121900,0.936844,0.163029
36.504786,-0.465012,0.949226,0.062949
36.534820,-0.567110,0.867781,-0.006084
36.574865,-0.355912,0.516514,0.067388
36.604898,-0.187884,0.059139,-0.041892
36.634932,-0.306168,-0.582822,-0.489674
36.674977,-0.202954,-2.379565,-1.018553
36.705010,-0.380866,-4.369263,-1.912434
36.735044,-2.876088,-5.808563,-2.682996
36.775089,-3.315862,-5.787786,-2.271990
36.805122,-2.251237,-5.853417,-2.662598
36.835156,-3.636842,-5.658075,-3.483409
36.875201,-6.355974,-4.705161,-2.355644
36.905234,-7.428257,-3.618013,-1.240021
36.935268,-8.009606,-1.934281,0.027223
36.975313,-4.569928,-0.963228,0.358415
37.005346,-1.751958,-0.339138,0.010878
37.035380,1.939810,0.310445,-0.401873
37.075425,4.737168,1.694672,0.020175
37.109210,5.342716,3.051285,0.200475
37.139243,6.594929,4.418028,0.526946
37.179288,6.178499,4.733256,1.798229
37.209322,4.417210,4.656980,2.380705
37.239355,2.121459,5.297406,2.320744
37.269389,3.207979,5.406455,2.780905
37.309434,11.484288,0.973633,0.092104
37.339467,2.321069,0.172300,3.483640
37.379512,0.459386,0.270196,-0.390010
37.409546,-1.508852,-0.601838,2.439029
37.439579,4.933161,-4.583261,0.402058
37.469613,1.568347,-5.474076,-1.622118
37.509658,-2.376289,-6.101557,-1.904828
37.539691,-1.431287,-6.752083,-2.276456
37.569725,-3.273231,-5.555907,-3.420706
37.609771,-6.168297,-3.895498,-2.330728
37.639805,-6.820333,-2.407674,-1.457690
37.669838,-7.033820,-0.471820,-1.209469
37.709883,-3.652302,-0.963181,-0.761315
37.739917,1.356144,-0.738427,-0.677620
37.769950,3.807230,0.022489,-0.280286
37.809995,5.087453,2.120147,-0.317107
37.840029,6.577179,3.653778,0.047671
37.870062,7.310454,5.178373,0.691578
37.910107,4.027983,5.761790,1.556099
37.940141,1.879205,4.712766,0.779567
37.970174,-0.808531,4.379632,1.602326
38.010219,-2.896428,3.703633,0.585031
38.040253,-2.554622,2.577522,0.999358
38.070286,-1.046886,1.392022,1.671064
38.110331,-1.141049,0.027244,-0.226883
38.140365,0.040423,1.443890,0.978624
38.170398,-0.883975,0.760305,-0.385622
38.210443,-2.078796,0.693975,-0.930648
38.240477,-2.140494,1.190236,0.268989
38.270510,-2.791713,1.199491,0.097453
38.310555,-1.651604,0.084641,-0.623929
38.340589,-1.817986,-1.855421,-2.105317
38.370622,-4.179242,-3.523114,-4.606365
38.400656,-7.310796,-4.650579,-4.977061
38.440701,-4.846955,-6.186951,-2.219484
38.470734,-2.777413,-6.040401,-2.469978
38.510779,0.311798,-5.951599,-2.688420
38.540813,-2.497657,-5.493728,-2.745314
38.570847,-6.192934,-4.306260,-1.657368
38.610891,-7.494830,-2.587366,0.042183
38.640925,-3.939938,-1.000267,-0.550504
38.670959,-1.338675,0.036609,-0.185081
38.711003,0.577394,0.812076,-0.374048
38.741037,2.710109,1.858245,-0.374252
38.771071,5.225033,3.406041,-0.187032
38.811115,6.593648,5.406929,0.463403
38.841149,7.475995,6.172267,1.364402
38.871183,3.343531,5.273827,1.665331
38.911227,2.081551,4.896942,2.342252
38.941261,0.274136,6.423922,2.775782
38.971295,2.086430,4.280140,2.794180
39.001328,6.093567,1.804981,1.043358
39.041373,0.478681,0.200198,0.934955
39.071407,-1.533770,0.597793,-0.810118
39.111451,-3.569275,1.680927,-0.075211
39.141485,1.482137,0.819527,0.621008
39.171519,3.476026,0.245204,0.623055
39.211563,4.068222,-0.148833,0.682892
39.241597,3.661529,-0.194233,0.746481
39.271631,1.502834,-0.738638,0.369020
39.301664,1.801326,-3.068725,-0.242893
39.341709,1.410318,-4.421126,-0.923419
39.371743,1.375000,-5.201770,-0.129298
39.401776,2.604308,-5.770712,-0.995363
39.441821,0.204416,-5.284866,-2.998762
39.471855,-2.601324,-5.030042,-3.616628
39.501888,-5.079151,-4.309439,-3.478271
39.541933,-5.707038,-3.551797,-2.843531
39.571967,-6.386373,-3.031723,-1.716210
39.602000,-6.216847,-2.462330,-0.548065
39.642045,-3.315256,-1.140745,-0.639116
39.672079,-0.281709,-0.308588,-0.702622
39.702112,2.362830,-0.135847,-0.697358
39.742157,4.077259,2.151283,-0.538688
39.772191,6.047974,4.106044,-0.383114
39.802224,6.847342,4.799496,0.301582
39.842269,6.093813,5.705343,1.961853
39.872303,5.143811,5.978989,3.258581
39.902336,3.322280,7.028258,2.012568
39.942381,6.563185,3.069507,3.755386
39.972415,6.289470,1.066135,2.384935
40.002448,-0.441035,-0.358353,0.653409
40.042493,-4.633047,0.230864,-0.605341
40.072527,-4.830844,1.274706,-0.731875
40.102560,-1.772729,1.132461,-0.280089
40.142605,3.539514,0.438146,0.442608
40.172639,4.997869,0.306100,0.771736
40.202672,5.201058,0.210510,0.839967
40.242717,4.587131,-0.150093,0.652275
40.272751,3.652759,-0.641265,0.008869
40.302784,1.919077,-1.320205,-0.558268
40.342829,0.395546,-2.315503,-0.107835
40.372863,-0.008846,-2.232910,0.549492
40.402896,-1.162917,-2.126919,0.204169
40.442941,0.115495,-2.315131,0.459594
40.472975,2.021063,-2.285031,0.387172
40.503008,1.662875,-1.918729,-0.003701
40.543053,0.608192,-1.632911,-0.275742
40.573087,0.207325,-1.257778,-0.221745
40.603120,-0.158438,-0.887775,-0.172264
40.643165,-0.222520,-0.537964,-0.050052
40.673199,0.170338,-0.377567,0.139421
40.703232,0.393642,-0.215603,0.270982
40.743277,0.861447,-0.315916,0.297933
40.773311,0.631556,-0.184052,0.398200
40.803344,0.511537,-0.210402,0.401279
40.843389,0.030713,0.212623,0.776609
40.873423,-0.716807,-0.672908,-0.118056
40.903456,-2.099002,0.191866,-0.009653
40.943501,-2.045748,0.632337,0.087271
40.973535,-0.770607,0.291866,0.044262
41.003568,0.400624,0.138590,-0.087889
41.043613,0.087116,0.382430,0.171802
41.073647,-0.138868,0.438002,0.154559
41.114942,-0.633175,0.544622,0.298222
41.144975,-0.592111,0.528331,0.375157
41.175009,0.081291,0.576352,0.119978
41.205042,0.476652,0.704371,0.182424
41.245087,0.021636,0.753510,-0.038313
41.275121,-0.706590,0.636080,-0.381745
41.305154,-1.642139,0.401737,-0.509713
41.345199,-0.930908,-0.032622,-0.045460
41.375233,-0.209995,-0.191091,-0.079805
41.405266,-0.435825,0.203645,0.074394
41.445311,0.356574,0.305163,0.453298
41.475345,1.246942,0.430387,0.716051
41.505378,1.910590,0.739651,1.122436
41.545423,2.190414,0.996210,1.054560
41.575461,0.813275,1.060423,0.869786
41.605495,-0.712168,1.077684,0.884124
41.635528,-0.546040,1.076155,0.756843
41.675573,-0.067650,0.994805,0.489473
41.705607,-0.087931,0.988078,0.169999
41.735640,-0.342676,0.924202,-0.110549
41.765674,-0.442535,0.826566,-0.329892
41.805719,-0.676551,0.624173,-0.507935
41.835752,-0.815762,0.477515,-0.617944
41.875797,-0.312212,0.211910,-0.646308
41.905831,-0.109525,-0.364842,-0.621443
41.935864,-0.286753,-0.820238,-0.662337
41.965898,-0.526640,-1.349339,-0.602176
42.005943,-1.092443,-1.183324,-0.437833
42.035976,-1.654478,-0.478881,-0.320117
42.066010,-1.827136,0.380430,-0.514580
42.106055,0.027914,-0.077894,-0.184381
42.136088,0.297292,-0.460485,-0.185462
42.166122,0.122271,-0.582108,-0.222156
42.206167,-0.372548,-0.413625,-0.400245
42.236200,-1.065831,-0.378415,-0.479364
42.266234,-1.231503,-0.376506,-0.590227
42.306279,-0.396655,-0.312060,-0.410641
42.336312,-0.113862,-0.339881,-0.155714
42.366346,0.096143,-0.358277,-0.108709
42.406391,0.242815,-0.443415,-0.050610
42.436425,0.867327,-0.695330,-0.110637
42.466458,0.202734,-0.604751,-0.296888
42.506503,-0.416420,-0.598645,-0.449629
42.536537,-0.566222,-0.778240,-0.430427
42.566570,-0.170099,-0.866885,-0.451589
42.606615,0.868631,-1.071152,-0.410156
42.636649,1.424417,-1.093187,-0.509864
42.666682,1.842605,-0.764500,-0.351295
42.706727,1.307563,-0.226106,-0.172400
42.736761,-0.179804,0.697419,-0.143595
42.766794,-2.688150,1.242915,-0.265352
42.806839,-2.544574,0.529097,-0.448511
42.836873,-3.428937,-0.243982,-0.429745
42.866907,-3.422269,0.127467,0.244384
42.906951,-0.487676,1.544978,0.241970
42.936985,1.506888,1.493351,-0.561457
42.967019,2.529253,1.229759,-0.631022
43.007063,1.395612,1.753194,0.943408
43.037097,-1.641704,2.374802,0.849170
43.067131,-2.613382,2.648129,0.418764
43.107176,-2.133960,2.178714,0.105894
43.137209,-2.124498,1.986409,0.070900
43.167243,-1.568842,1.861562,0.164886
43.207288,0.035573,1.449258,0.443112
43.237321,1.136730,0.992806,0.668219
43.267355,1.420104,0.630218,0.556952
43.307400,2.428001,-0.094861,-0.165507
43.337433,0.126436,0.138524,0.556757
43.367467,-1.323979,0.679273,0.053968
43.407512,0.041856,0.332821,0.196510
43.437545,0.171556,0.114392,-0.008789
43.467578,0.980773,-0.726311,-0.191983
43.507623,0.848632,-2.030955,-0.928564
43.537657,0.350910,-3.810197,-1.884456
43.577701,-0.335523,-6.499411,-4.316317
43.607735,-7.628947,-5.854579,-3.781636
43.637769,-4.914814,-6.798443,-2.882526
43.667802,-4.881633,-6.115551,-3.613122
43.707847,-5.959471,-5.119117,-3.066869
43.737881,-8.757968,-3.547842,-1.482329
43.767915,-8.361933,-1.880778,-1.171240
43.807959,-4.393533,-0.966949,-0.279097
43.837993,0.303993,-0.728248,-0.833243
43.868027,4.015157,0.510104,-0.232231
43.908072,6.006818,2.734183,-0.187970
43.938105,7.239052,4.485231,-0.094207
43.968139,7.094127,5.177235,0.332397
44.008184,5.204934,4.690880,2.791401
44.038217,0.148175,6.068319,3.611887
44.068251,2.765218,6.771788,3.048984
44.098285,8.458106,2.864580,2.562216
44.138329,5.558788,-1.035474,2.509434
44.168363,-1.073950,2.188363,2.462924
44.208408,-4.216015,1.865773,-0.969678
44.238442,-0.991517,1.994772,0.240692
44.268475,3.851616,0.733020,0.612612
44.308520,4.720353,0.286874,0.165380
44.338554,4.123223,-0.635760,0.053786
44.368587,2.222140,-1.162670,0.021416
44.408632,0.849068,-3.934722,-1.190956
44.438666,1.732196,-5.634181,-2.063717
44.468700,-3.342234,-5.945127,-2.987249
44.498733,-3.269817,-6.346295,-2.572916
44.538778,-2.457183,-6.317779,-3.014430
44.568812,-4.637721,-5.525870,-3.955910
44.608857,-7.749525,-3.838325,-1.892586
44.638890,-8.093069,-2.783159,-0.492798
44.668924,-5.831757,-2.156210,-0.578684
44.708969,-1.915403,-1.370090,-0.547655
44.739003,0.736474,-0.529556,-0.572118
44.769036,3.449854,0.729519,-0.404466
44.809081,6.241086,3.490788,-0.544449
44.839115,7.581916,5.067210,-0.137202
44.869148,7.121053,5.051973,0.723795
44.899182,6.047801,5.542629,2.993111
44.939227,2.892478,6.312214,2.736818
44.969261,4.861333,6.719663,2.770768
44.999294,8.628084,5.130070,4.542065
45.039339,13.783488,-1.703625,1.719628
45.069373,1.332121,1.449405,1.935652
45.099407,-3.534939,0.645689,-1.863071
45.139451,-4.345552,0.038151,1.084746
45.169485,4.542570,-3.966067,0.771363
45.199519,9.461225,-5.777937,-0.864021
45.239564,-1.103238,-5.584303,-4.368424
45.269597,-6.762148,-5.615706,-1.468580
45.299631,-6.414827,-6.357197,-1.140047
45.339676,-7.387491,-4.463157,-1.030742
45.369710,-7.832905,-2.284315,1.099042
45.399743,-7.385454,0.296701,-0.004348
45.439788,-4.798779,0.277917,0.833291
45.469822,0.939895,-0.704126,0.521705
45.499856,5.121962,0.033143,1.084041
45.539900,7.259980,2.077065,0.449763
45.569934,8.067223,3.585171,0.704645
45.599968,7.753110,4.161965,1.628999
45.640013,5.782856,4.142124,1.891392
45.670046,4.374429,4.607852,2.152436
45.700080,4.629127,4.362118,2.151466
45.740125,5.331785,3.800556,1.886556
45.770159,4.668685,2.680792,3.874307
45.800192,8.276178,-2.275084,4.369560
45.840237,-2.010901,2.023253,-0.080304
45.870271,-5.694169,2.430546,0.358785
45.900305,-1.541871,1.483926,0.186915
45.940349,4.341183,1.603182,0.811859
45.970383,5.734528,0.498607,0.563670
46.000417,1.167597,-0.440110,0.764358
46.040462,-1.690501,-1.984774,-0.422418
46.070495,-0.583416,-2.741499,-0.073511
46.100529,2.092755,-3.637532,1.370977
46.140574,4.302399,-6.448183,0.574432
46.170608,4.589422,-5.434475,0.384745
46.200641,5.011230,-5.050474,-0.105518
46.240686,3.870109,-4.977375,-1.364342
46.270720,2.300048,-3.549539,-1.303148
46.300754,1.427352,-2.409555,-0.956466
46.340799,4.479330,-1.750605,-0.668723
46.370832,7.717172,-0.917530,-0.875692
46.400866,7.172393,-0.055713,-0.584544
46.440911,4.742962,0.305477,-0.234877
46.470946,2.305027,0.174678,0.437694
46.500979,1.919731,1.855567,1.292709
46.541024,1.805940,1.857674,0.843801
46.571058,0.162064,-0.336170,0.361749
46.601091,-1.829278,-0.771171,1.496454
46.641136,-5.802200,0.394759,1.654175
46.671170,-4.773095,0.847063,1.208789
46.701204,-4.157215,0.840239,1.652616
46.741249,-3.970943,1.453040,1.150470
46.771282,-1.968133,1.590947,0.325800
46.801316,-1.491500,0.932056,0.205590
46.841361,-2.673633,1.173674,0.226691
46.871395,-2.991370,1.126828,0.080005
46.901428,-2.701979,1.043379,0.164479
46.941473,-1.242704,0.787735,0.059662
46.971507,-0.725610,0.709142,-0.450392
47.001541,-0.146259,0.549056,-0.346011
47.041586,-0.680504,0.326094,-0.577742
47.071619,-1.541832,0.364475,-0.801575
47.101653,-2.473211,0.454774,-0.653350
47.141698,-3.281162,0.193172,-0.054160
47.171732,-1.972554,0.212413,0.595796
47.201765,-1.325216,-1.331488,0.672183
47.241810,1.016857,-0.179983,-0.629418
47.271844,-0.926551,-0.106400,-0.400055
47.301878,-2.392470,0.481280,-0.189361
47.341922,-1.378413,0.111978,-0.475826
47.371956,-0.148847,0.154957,-0.458161
47.401990,-0.061480,0.206242,-0.544594
47.442035,-1.113747,0.250571,-0.686458
47.472068,-1.153490,0.178768,-0.349565
47.502102,-1.062466,0.120216,-0.315364
47.542147,-0.068362,0.131232,-0.530775
47.572181,0.000449,-0.010547,-0.552488
47.602214,-0.297413,-0.133610,-0.814695
47.642259,-1.376260,-0.252536,-1.402983
47.672293,-2.115121,-0.242960,-1.177975
47.702327,-0.789788,-0.377958,-1.010776
47.732360,-0.271404,-0.161070,-1.377971
47.772405,-1.259226,0.483072,-1.050452
47.802439,-1.440447,0.638067,-0.663750
47.832473,-0.155271,0.894536,-0.869864
47.872518,-0.424329,1.152501,-0.781990
47.902551,-0.713317,1.285618,-0.764864
47.932585,-0.424613,1.409960,-0.897367
47.972630,-0.208099,1.673327,-0.734004
48.002664,0.001215,1.634388,-0.652065
48.032697,-0.505763,1.615297,-0.606725
48.072742,-1.157819,1.673447,-0.550701
48.102776,-1.231925,1.613147,-0.553279
48.132810,-1.153920,1.494091,-0.608935
48.172855,-1.540871,1.531138,-0.539157
48.202888,-2.015914,1.486663,-0.513123
48.232922,-2.490890,1.435600,-0.635265
48.272967,-3.973682,1.447538,-0.763094
48.303001,-4.987381,1.349400,-0.840698
48.333034,-5.271090,0.329991,-0.942097
48.373079,-3.224784,0.400242,-0.629333
48.403113,-2.066408,0.601021,-0.763515
48.433147,-1.235028,0.358166,-0.896113
48.473191,-2.106829,0.590745,-0.165195
48.503224,-3.489078,0.937650,-0.220817
48.533258,-4.001440,1.196496,-0.848590
48.573303,-3.090198,1.024090,-1.059094
48.603336,-2.830838,0.872734,-0.918281
48.633370,-2.978698,0.690263,-0.776320
48.673415,-2.734465,0.633730,-0.584587
48.703449,-2.275147,0.762129,-0.351192
48.733482,-2.039087,0.774428,-0.050381
48.773527,-1.602928,0.411469,0.388554
48.803561,-0.944740,-0.403180,0.535731
48.833595,-0.963437,0.627320,0.300864
48.873640,-1.613575,1.095957,0.236195
48.903673,-1.831992,1.149191,0.082358
48.933707,-1.201497,1.165950,0.355665
48.973752,-0.412820,1.085947,0.497526
49.003786,-0.257817,1.133580,0.192521
49.033819,-0.035529,1.146671,0.350558
49.073864,-0.188972,1.197139,0.358135
49.103898,-1.126909,1.473329,0.191000
49.133931,-1.607271,1.591483,0.209660
49.173976,-1.143569,1.706880,0.298020
49.204010,0.013857,1.897060,0.322606
49.234044,1.405268,1.693001,0.294534
49.274089,1.740088,0.748598,0.025182
49.304122,2.678224,-1.051531,-1.132724
49.334156,4.040267,-3.655659,-2.170155
49.374201,0.008601,-6.802511,-3.599347
49.404235,-4.163665,-7.011737,-2.142362
49.434268,0.427804,-8.511137,-2.676521
49.464303,-1.873304,-6.729453,-4.460628
49.504348,-4.773718,-6.081470,-3.666908
49.534381,-5.819380,-5.463023,-2.508081
49.574426,-6.939706,-4.220006,-1.733944
49.604460,-5.646074,-2.202490,-1.598350
49.634494,-4.768568,-1.590673,-0.613690
49.674539,-1.576642,-0.171973,-0.932511
49.704572,1.725976,1.291967,-1.202475
49.734606,4.555710,2.729945,-0.970144
49.774651,7.017671,4.259609,-0.311510
49.804684,7.363133,5.639847,1.028762
49.834718,6.106658,6.183743,1.942675
49.874763,2.911746,5.810553,2.915558
49.904797,4.140458,6.647926,3.365017
49.934830,13.317131,5.496611,2.132606
49.974875,3.168112,0.431994,4.817833
50.004909,-0.504066,0.416708,-0.366422
50.034943,-2.814799,1.919039,0.326216
50.074987,1.082277,1.841862,0.330984
50.105021,1.669152,2.628494,0.983509
50.135055,6.584210,1.139587,2.005779
50.175100,7.173086,-1.433935,0.870819
50.205133,3.886352,-3.227222,-0.983535
50.235167,0.920842,-3.555142,-2.148343
50.275212,-0.137795,-6.406573,0.300951
50.305246,1.738813,-6.788811,-0.778815
50.335279,1.139218,-5.686175,-0.202531
50.375324,2.672517,-3.831358,-0.013812
50.405358,2.839699,-3.344858,-1.227043
50.435391,1.213460,-4.193178,-1.640507
50.475439,-5.925782,-5.246066,-1.863732
50.505473,-5.925772,-4.044029,1.026697
50.535507,-2.742653,-4.693779,0.953599
50.575552,2.104896,-2.994143,-0.271789
50.605585,2.034489,-1.605646,-1.192102
50.635619,0.631485,-0.778630,-1.050719
50.665653,-0.310029,0.286653,-0.268481
50.705697,-0.684057,1.680674,0.269997
50.735731,0.481136,2.731650,0.193930
50.765765,1.864798,3.328626,0.378618
50.805810,1.554986,4.213402,0.975877
50.835843,1.536044,5.311589,1.221523
50.865877,1.553423,5.582422,1.209728
50.905922,0.729006,6.189170,2.203789
50.935955,-0.676540,6.770689,3.130537
50.965989,-1.206089,6.227521,3.132690
51.006034,1.590064,4.367244,2.626692
51.036068,8.531148,-0.260364,-5.121136
51.066101,-3.287270,-3.278507,-5.678274
51.106146,-12.993225,-3.002660,-2.575620
51.136180,-1.123969,-5.344810,-1.194129
51.166213,4.484993,-4.062025,-3.734837
51.206258,4.065432,-3.787887,-3.098566
51.236292,0.426402,-2.958889,-2.651385
51.266326,-1.180099,-2.834598,-1.661617
51.306370,0.124273,-2.848051,-1.796958
51.336404,2.385484,-3.012256,-2.144228
51.366438,2.584386,-2.851105,-1.548892
51.406483,0.487572,-1.634819,-2.006317
51.436516,-0.741565,-1.304380,-1.327577
51.466547,-1.478179,-1.767827,-0.898293
51.506592,-1.472214,-0.624607,0.057337
51.547884,-0.356829,0.788457,1.088738
51.577918,-0.011966,1.542793,1.028783
51.607951,1.226027,2.219792,1.294015
51.637985,1.296161,2.329360,1.987758
51.678030,0.355624,2.590715,2.499078
51.708063,-0.080444,2.228621,2.188245
51.738097,0.118795,2.027255,2.054359
51.778142,-0.159886,1.684295,1.905258
51.808175,-0.378042,1.542432,1.463543
51.838209,-0.565107,1.468629,1.116832
51.878254,-0.783945,1.379636,0.776727
51.908288,-0.769213,1.151994,0.399830
51.938321,-0.853012,1.095855,0.232219
51.978366,-1.140774,1.101002,0.006968
52.008400,-1.252060,0.950926,-0.219689
52.038436,-1.178314,0.894631,-0.220277
52.068470,-1.320637,0.843655,-0.233952
52.108515,-1.446061,0.748331,-0.152504
52.138548,-1.359430,0.822885,-0.019843
52.168582,-1.235088,0.889636,0.022552
52.208627,-0.952104,0.957125,0.085902
52.238661,-0.747294,1.062029,0.259950
52.268694,-1.089127,1.104262,0.397103
52.308739,-1.332346,1.339755,0.509114
52.338773,-1.310606,1.771198,0.654977
52.368806,-1.401502,1.991673,1.086463
52.408851,-0.622759,2.441216,2.102616
52.438885,1.027784,0.881237,-1.315402
52.468922,-2.230720,0.668616,0.288789
52.508966,-5.747920,1.611834,0.006810
52.539000,-3.426970,1.071377,0.715362
52.579045,-0.174558,0.921593,-0.410365
52.609079,-1.471052,1.143277,-0.028490
52.639112,-2.057196,1.253960,0.068281
52.669146,-2.184240,1.217485,-0.029131
52.709191,-2.604631,1.243962,-0.186641
52.739224,-1.973333,1.364791,-0.313421
52.769258,-0.917015,1.485593,-0.054114
52.809303,-0.681972,1.445852,0.358897
52.839337,-0.659679,1.476871,0.379885
52.869370,0.349688,1.432465,0.319939
52.909415,1.799452,1.764568,0.138963
52.939449,1.829808,0.632640,-0.177685
52.969482,1.082287,-1.499558,-1.724262
53.009527,-4.189885,-2.664635,-2.934051
53.039561,-3.999133,-3.818686,-0.874818
53.069595,2.148964,-5.632424,0.485804
53.099628,3.494139,-4.823075,-0.686078
53.139673,3.373851,-3.504631,0.017597
53.169707,3.482125,-2.814905,-0.009765
53.209752,3.949727,-2.137305,-0.535336
53.239785,3.499104,-1.419538,-0.749792
53.269819,0.893859,-0.493395,-0.395569
53.309864,1.511001,0.760412,1.044139
53.339897,1.920954,0.352763,0.891641
53.369931,2.511070,2.350891,-1.167540
53.409976,-6.118910,-1.778717,0.069221
53.440010,-0.042883,0.206741,1.502202
53.470043,1.441020,0.173601,-1.569518
53.510088,-0.860504,0.611842,-0.052407
53.540122,-2.249600,1.302516,-0.172554
53.570156,-1.880476,1.528311,-0.731182
53.610200,-1.649859,1.730572,-0.886508
53.640234,-2.992567,1.912748,-0.910687
53.670268,-4.022784,2.102161,-0.964888
53.700301,-3.357513,2.138399,-0.872847
53.740346,-1.777678,1.947866,-1.020970
53.770380,-1.685500,1.870090,-0.991011
53.810425,-1.822807,1.711599,-0.384498
53.840458,-1.438599,1.527599,-0.217165
53.870492,-1.274439,1.479103,-0.363478
53.900526,-1.403600,1.272500,-0.458748
53.940571,-1.560016,1.259836,-0.627896
53.970604,-1.594402,1.192910,-0.736632
54.010649,-2.416062,0.972961,-0.842229
54.040683,-3.083692,0.911225,-1.141696
54.070716,-3.266643,0.923905,-1.279940
54.100750,-3.233256,1.021482,-1.286562
54.140795,-2.196702,0.866046,-1.360480
54.170828,-1.568993,0.680888,-1.663969
54.200862,-2.295086,0.828129,-2.075168
54.240907,-4.101671,0.834260,-2.418434
54.270941,-4.526695,0.010318,-1.715385
54.300974,-2.767152,-0.700180,-0.817106
54.341019,-1.320351,-0.029471,-0.209567
54.371053,-2.096992,0.391440,-0.456324
54.401086,-3.936464,0.705460,-0.968685
54.441131,-4.027895,0.662023,-0.240830
54.471161,-3.459406,0.475617,-0.040045
54.501195,-3.791788,0.354909,-0.368656
54.541239,-3.409504,0.546531,-0.749577
54.571273,-2.165437,0.487775,-0.878081
54.601307,-1.199072,0.452037,-0.994837
54.641351,-1.515410,0.029580,-1.123523
54.671385,-1.918848,-0.154041,-1.021851
54.701419,-2.352073,0.132209,-0.806714
54.741464,-2.622346,0.145998,-0.501847
54.771497,-2.580468,0.348981,-0.417521
54.801531,-1.733258,0.463855,-0.250737
54.841576,-0.349113,1.278848,0.500181
54.871609,-1.154900,-1.435713,0.899438
54.901643,2.119820,0.989228,-0.676416
54.941688,-2.899681,1.205413,0.786278
54.971721,-2.472550,1.102674,0.471691
55.001755,-1.786799,1.038952,-0.397454
55.041800,0.152941,0.805047,0.225232
55.071834,0.982109,0.722012,0.374178
55.101867,0.580377,0.721493,0.274732
55.141912,-0.862177,0.835045,0.362488
55.171946,-1.150593,0.884379,0.083262
55.201979,-0.597673,0.906740,0.069306
55.242024,0.056044,0.958748,0.196366
55.272058,0.427030,0.888635,0.096024
55.302091,0.103951,0.959894,0.050981
55.342136,-0.386024,1.163157,0.139568
55.372170,-0.556752,1.265900,0.155749
55.402203,-1.065335,1.435463,0.139705
55.442248,-0.841635,0.892957,0.005640
55.472283,-0.894936,0.269211,-0.564379
55.502317,-0.715172,-0.602500,-1.491876
55.553621,1.444181,-4.709079,-3.329418
55.573644,-2.409319,-5.358843,-4.440526
55.603677,-5.259256,-5.647503,-5.624254
55.643722,-4.068694,-5.858740,-1.835186
55.673756,-5.175975,-5.356566,-3.955840
55.703789,-7.410058,-4.438238,-2.862653
55.743834,-9.172776,-3.125907,-0.340188
55.773868,-9.339374,-1.275915,-0.004492
55.803901,-6.666734,-0.579874,0.528663
55.843946,-0.508031,0.076993,-0.626740
55.873980,5.247081,0.688476,0.393988
55.904014,6.348144,2.032283,0.838095
55.944058,8.740152,3.924825,1.399898
55.974092,8.466893,4.229687,1.688898
56.004126,5.902852,3.950943,2.298983
56.034163,4.645361,5.336044,3.511330
56.074208,4.506831,2.625306,4.409040
56.104242,11.759561,-1.886837,-0.053901
56.134276,0.294038,-0.741043,3.199340
56.174320,-3.217108,2.532220,0.993026
56.204354,1.961789,1.061749,2.035408
56.234388,6.208359,-1.244205,0.295361
56.274433,3.696674,-2.183438,-1.621341
56.304466,-3.626151,-3.547905,-3.727032
56.334500,-4.291316,-3.510257,-6.470368
56.364534,-5.262707,-4.515149,-3.593214
56.404578,-3.157722,-5.965267,-5.668594
56.434612,-3.840952,-4.521714,-4.580449
56.474657,-5.360107,-4.085126,-3.144752
56.504691,-6.680041,-2.855371,-2.480148
56.534724,-4.347356,-1.631025,-1.869150
56.574769,-2.245891,-1.001215,-1.689155
56.604803,-0.092196,0.233187,-0.957125
56.634836,2.577223,2.042308,-0.502322
56.674881,4.718999,3.955611,-0.412678
56.704915,5.288683,5.167344,-0.014052
56.734948,5.030469,5.672644,0.929967
56.774993,3.952392,5.914624,2.745280
56.805027,2.228197,6.487027,3.125272
56.835061,3.912780,5.987424,3.229283
56.865094,14.412856,5.226442,2.506982
56.905139,1.118539,2.329360,4.116564
56.935173,0.237176,-1.784433,0.382388
56.975218,-1.940684,2.393998,2.527011
57.005251,6.133593,0.375850,0.173104
57.035285,7.658801,-0.611146,1.996199
57.075330,10.896149,-3.398290,-1.040746
57.105363,2.833277,-3.243069,-3.722703
57.135397,1.225363,-4.164627,-3.863243
57.165431,-2.959487,-6.399586,-1.447146
57.205475,0.108986,-6.272204,-3.983318
57.235509,-3.083204,-5.352952,-3.902752
57.275554,-5.178265,-4.764699,-2.239127
57.305588,-6.775963,-4.294122,-2.417920
57.335621,-7.439952,-3.178762,-1.000751
57.365655,-5.564880,-2.829613,-0.435788
57.405700,0.266145,-1.797220,-0.656134
57.435733,1.451859,-0.365311,-0.197892
57.465767,2.751008,1.301979,-0.344917
57.505811,4.658980,3.909438,0.089486
57.535844,5.529789,5.319447,0.523792
57.565878,6.292896,5.790535,1.149519
57.605923,6.239729,5.832568,3.163019
57.635957,3.697239,6.108276,3.393997
57.665990,3.568947,5.502521,2.612898
57.706035,5.306132,1.894961,2.605510
57.736069,8.571738,0.344652,1.511499
57.766102,2.250261,-0.603762,3.315960
57.806147,-7.332066,0.218516,0.410120
57.836181,-4.342763,1.789781,0.154303
57.866215,0.539146,1.372231,1.951535
57.906259,6.119993,0.068204,0.084323
57.936293,5.490820,-0.117851,0.911750
57.966327,1.666484,0.629306,1.104287
58.016383,-0.290908,0.703716,1.008834
58.036405,-1.065136,0.725509,0.600143
58.066439,-1.084944,1.074992,0.816198
58.106484,-0.159898,1.045415,0.880759
58.136517,1.286652,0.508603,0.380216
58.166551,1.873527,0.482566,0.614714
58.206596,1.458472,0.596167,0.385185
58.236629,1.062058,0.466922,0.171396
58.266663,0.662694,0.235156,-0.250870
58.306708,0.215073,-0.002153,-1.036838
58.336741,-0.280657,-1.265956,-1.250834
58.366775,-0.197915,-1.453357,-1.146706
58.406820,0.260098,-2.883534,-1.117493
58.436854,1.444533,-3.106283,-1.248688
58.466887,2.322108,-2.553635,-0.913883
58.506938,3.525937,-2.363002,-1.098173
58.536972,3.636009,-2.330292,-1.452562
58.567005,2.805309,-1.684401,-1.623750
58.607050,1.477712,-1.061799,-1.225770
58.637084,0.372242,-0.619633,-0.864489
58.667117,-0.145982,-0.441258,-0.578811
58.707162,0.212763,-0.395758,-0.349898
58.737196,0.888174,-0.523676,-0.171142
58.767229,1.332007,-0.918379,-0.486906
58.807274,-0.115716,-0.347429,0.028463
58.837308,0.517572,0.003811,0.541987
58.867342,3.381368,-0.415497,-0.416561
58.907386,-0.693490,-1.984686,-2.357751
58.937420,-2.518766,0.127321,0.903937
58.967454,-3.038936,0.860025,2.922203
59.007499,1.670360,-0.113077,0.390932
59.037532,1.540772,0.645371,0.636423
59.067566,0.294003,0.257985,0.590335
59.107611,-1.553454,0.524396,-0.192910
59.137644,-1.493872,0.971001,0.660719
59.167678,0.163063,0.628430,0.601950
59.207723,0.389950,0.525890,0.250866
59.237756,0.100573,0.550032,0.419351
59.267790,-0.202728,0.286877,0.319130
59.307835,-0.616241,-0.308754,-0.623737
59.337869,-0.874425,0.113414,-0.963552
59.367902,-0.539925,0.233116,-1.699709
59.407947,0.808841,-0.817596,0.239109
59.437981,0.572026,-0.334115,-0.488255
59.468014,1.200114,-0.863960,0.474117
59.508054,2.039133,-0.882749,1.326816
59.549346,2.737628,-0.539170,1.575219
59.579380,0.079777,-0.776753,2.193462
59.609413,-1.070850,-0.188746,1.401443
59.639447,-0.897623,0.195887,1.112151
59.679492,-1.719492,-0.707798,0.673194
59.709525,-0.912080,-0.657193,0.113180
59.739559,0.128411,-1.363490,-1.557867
59.769593,-0.565149,-0.983611,-0.611412
59.809638,0.346145,0.945690,0.141122
59.839671,0.690455,0.758600,0.076986
59.869705,-0.078259,1.160427,0.337140
59.909750,0.673984,0.319488,-0.386440
59.939783,1.003288,0.195928,0.348633
59.969817,1.769931,-0.422299,0.663217
60.009862,1.537200,-0.305797,0.648141
60.039897,0.517435,-0.222282,0.776964
60.069930,1.480811,-0.701642,0.598868
60.109975,5.460346,-0.546396,0.281209
60.140009,3.090968,-0.936539,0.032436
60.170042,0.521331,-0.651364,-0.262394
60.210087,-1.321648,-1.020896,0.091078
60.240121,-0.900483,-1.041946,0.060186
60.270155,0.086816,-0.825673,-0.488577
60.310199,0.590701,-0.958702,-0.503191
60.340233,1.071064,-1.073079,0.088845
60.370267,0.270875,-0.920945,0.038095
60.410312,0.449954,-0.713709,0.426141
60.440345,1.392306,-0.594612,0.511724
60.470379,1.151813,-0.342742,0.571850
60.510427,0.272056,-0.045444,0.680490
60.540460,0.477926,-0.069139,0.891581
60.570494,1.181835,-0.246575,1.146316
60.610539,1.632412,-0.311542,1.326871
60.640572,1.917536,-0.100692,1.215561
60.670606,1.857417,-0.058129,1.023412
60.710651,1.602465,0.058004,0.873039
60.740684,1.510607,-0.064542,0.710788
60.770718,1.042575,-0.150873,0.941039
60.810763,0.951520,0.244249,1.504818
60.840797,1.451747,0.299029,1.742122
60.870830,3.907674,0.030974,0.702162
60.910875,0.060565,0.540944,0.470476
60.940909,-0.972670,0.897399,0.741219
60.970942,-0.410234,0.754928,0.572668
61.010987,1.090028,0.722039,0.290758
61.041021,1.544343,0.663923,0.403545
61.071054,1.592424,0.470485,0.413754
61.111099,1.185311,0.490061,0.171465
61.141133,0.952672,0.376495,-0.186521
61.171167,0.882244,0.120005,-0.293901
61.211211,2.495098,-0.312556,-0.195669
61.241245,4.291760,-0.887286,0.048215
61.271279,4.898984,-1.723431,0.341860
61.311323,3.656562,-1.462367,0.277713
61.341357,2.764665,-1.772680,0.543124
61.371391,1.655905,-1.871001,0.410186
61.411436,1.124423,-1.750173,0.119145
61.441469,0.882963,-1.380571,-0.005947
61.471503,0.681053,-1.100007,0.120548
61.501533,0.703974,-1.097193,0.206095
61.541578,1.347243,-0.864802,0.216805
61.571612,1.578700,-0.562320,0.118621
61.601645,1.598145,-0.408325,0.145976
61.641690,1.660512,0.280670,0.549751
61.671724,1.268086,0.399279,1.276834
61.701758,0.449093,-0.155244,0.951086
61.741802,-0.218838,0.730499,0.539384
61.771836,0.242261,1.181918,1.313591
61.801870,1.693956,0.827388,1.101940
61.841914,0.800691,0.714371,0.588370
61.871948,-0.099252,0.954076,0.649547
61.901982,-0.967382,1.094311,0.911569
61.942027,-1.290518,0.841842,0.267488
61.972060,-0.770582,0.591624,0.010378
62.002094,-0.625303,0.321758,0.009227
62.042139,0.285213,0.191912,0.188217
62.072172,0.273135,0.428252,0.192536
62.102206,-0.094189,0.707311,0.242034
62.142251,-0.212180,0.898130,0.423957
62.172284,-0.245560,0.828214,0.455980
62.202318,0.025303,0.768456,0.498265
62.242363,0.629411,0.679255,0.403466
62.272396,0.738487,0.560177,0.379313
62.302430,0.342533,0.506089,0.297816
62.342475,-0.243990,0.583964,0.159627
62.372508,-0.506177,0.707471,0.197707
62.402542,-0.429239,0.756390,0.138876
62.442587,-0.125203,0.682811,0.196773
62.472620,0.062985,0.313762,0.006889
62.502653,-0.059626,-0.353406,-0.169907
62.542698,-0.159877,-0.981392,-0.612542
62.572732,0.048276,-1.567193,-1.030131
62.602765,0.373107,-2.272165,-1.449708
62.642810,1.039869,-3.362530,-2.752594
62.672844,-2.116067,-3.253880,-2.165304
62.702877,-3.999055,-2.354056,-1.232631
62.742922,-2.610583,-1.976586,-1.011984
62.772956,-1.463281,-1.699649,-0.837028
62.802989,-0.425688,-1.005147,-0.463294
62.843034,1.976701,-0.084792,0.412819
62.873068,3.174554,-0.075915,0.732384
62.903101,1.407456,-0.560223,-0.028183
62.943146,-2.108230,-0.280350,0.227526
62.973180,-4.594903,0.927368,1.357650
63.003213,0.369764,0.008282,0.553755
63.043258,2.694254,-0.366530,-0.817484
63.073292,1.138600,-0.022538,-0.725658
63.103325,-0.359292,-0.016779,0.325691
63.143370,-1.336468,-0.015294,0.083738
63.173404,-0.452463,-0.154307,-0.188996
63.203437,0.815333,-0.164561,-0.531490
63.243482,0.899464,0.045293,-0.483488
63.273516,0.144286,0.154198,-0.069960
63.303550,-0.424777,0.036290,-0.015650
63.343594,0.062853,0.143768,-0.011095
63.373628,0.295295,0.342336,0.090756
63.403662,0.141072,0.486048,0.069758
63.443706,-0.017112,0.411494,0.048803
63.473740,0.043922,0.305072,0.011275
63.503774,0.001365,0.250579,-0.038126
63.556331,0.057011,0.116668,0.041873
63.576353,-0.065018,0.108295,0.077779
63.606387,0.019238,0.053231,0.060172
63.636421,0.159800,0.015562,0.047405
63.676465,0.294451,0.020017,0.139465
63.706499,0.138053,0.036215,0.150243
63.736533,0.156366,0.075488,0.217832
63.776578,0.094358,-0.041485,0.221510
63.806611,0.321497,0.028287,0.211220
63.836645,0.401015,-0.014681,0.135438
63.876690,0.166758,-0.012563,0.104505
63.906723,0.044040,-0.004384,0.056801
63.936757,-0.102970,0.004576,0.034694
63.976802,-0.036409,0.012779,-0.022994
64.016846,0.060258,0.032575,-0.024828
64.036870,0.056126,0.047343,0.005898
64.076915,0.027704,0.054379,0.054812
64.106949,0.062640,0.014279,-0.004736
64.136982,0.014661,0.031138,-0.005411
64.177027,-0.024428,0.018987,0.022421
64.207061,0.022204,0.031096,0.008288
64.237094,0.011840,0.027611,0.044357
64.277139,-0.012856,0.015970,0.001161
64.307173,0.078746,0.006788,0.009953
64.337206,0.044725,-0.001925,0.004934
64.377251,-0.081119,0.033846,-0.008877
64.407285,-0.066505,0.041614,-0.041805
64.437319,-0.249459,0.145953,0.052795
64.477364,0.019644,0.091044,-0.000162
64.507398,0.064001,-0.016829,0.010072
